dataset,all_similarity_variance_skewness,communities_alpha_mean_entropy,communities_alpha_mean_skewness,communities_alpha_skewness_entropy,communities_alpha_variance_variance,communities_authority.score_skewness_skewness,communities_closeness_skewness_variance,communities_coreness_entropy_skewness,communities_coreness_skewness_mean,communities_coreness_skewness_skewness,communities_diversity_mean_skewness,communities_diversity_skewness_entropy,communities_diversity_variance_mean,communities_diversity_variance_skewness,communities_hub.score_entropy_mean,communities_knn_skewness_skewness,communities_strength_skewness_entropy,components_alpha_skewness_entropy,components_alpha_skewness_skewness,components_alpha_variance_skewness,components_closeness_skewness_skewness,components_closeness_variance_skewness,components_closeness_variance_variance,components_constraint_skewness_entropy,components_constraint_skewness_skewness,components_coreness_skewness_entropy,components_coreness_skewness_mean,components_coreness_skewness_skewness,components_coreness_skewness_variance,components_diversity_entropy_mean,components_diversity_entropy_skewness,components_diversity_entropy_variance,components_diversity_mean_skewness,components_diversity_mean_variance,components_diversity_skewness_entropy,components_diversity_skewness_skewness,components_diversity_variance_mean,components_diversity_variance_skewness,components_diversity_variance_variance,components_eccentricity_skewness_entropy,components_eccentricity_skewness_mean,components_eigen.centrality_entropy_skewness,components_eigen.centrality_skewness_variance,components_knn_skewness_entropy,g_authority.score_variance,g_closeness_variance,item_degree_skewness,item_distances_sum_skewness,item_diversity_skewness,item_eccentricity_skewness,item_page_rank_variance,item_similarity_count_skewness,item_similarity_count_variance,item_similarity_mean_variance,item_similarity_sum_variance,item_similarity_variance_skewness,user_alpha_entropy,user_alpha_mean,user_alpha_skewness,user_closeness_variance,user_diversity_entropy,user_diversity_skewness,user_similarity_variance_entropy,user_similarity_variance_skewness,user_similarity_variance_variance
amazon-apps.csv,-0.124034590786117,-0.124035285602471,-0.124028494672366,-0.124035304299861,7.93822301368634,-0.124034153566894,-0.124035190869713,-0.124019562913621,-0.12403363070095,-0.124035169260346,-0.124035702379951,-0.124035279793772,-0.124035303061723,-0.124034800705149,-0.12403512100647,-0.124035105246959,-0.124035278832803,-0.124035107332837,-0.124034361789238,-0.12403274732188,-0.124035949898716,-0.124035045968965,-0.124035303990491,-0.124035300043291,-0.124035761787897,-0.12403530432563,-0.124031674544284,-0.124035107993525,-0.12403490973215,-0.124035304261937,-0.124033784103928,-0.124035304324815,-0.124035699619723,-0.124035302791395,-0.12403530432563,-0.124035772372194,-0.124035302984795,-0.124034827922419,-0.124035304293353,-0.124035295248448,-0.124035522277635,-0.124033984558444,-0.124034924131026,-0.124035303269496,-0.124035304319681,-0.12403530432563,-0.124033073579857,-0.124033799616828,-0.12403572975065,-0.124034093548027,-0.124035304325625,-0.124034731515155,-0.12403530432563,-0.12403530432563,-0.12403530432563,-0.124034341793856,-0.12403530432563,-0.124035108836724,-0.1240426469692,-0.12403530432563,-0.124035302941943,-0.124035674329781,-0.124035303079314,-0.124033983887353,-0.124035304325259
amazon-automotive.csv,0.375255950469997,-0.319798980866889,-1.12059124332522,-0.334583636116957,-0.334582918829736,-2.69080335125352,-0.286409544115196,3.25630685059163,0.259553008385722,-0.191856286366194,-0.71811632922642,-0.308660119874017,-0.333772249978216,0.253107552521379,-0.0932185616484223,-0.227733428821884,-0.334583636116957,-0.12641571595621,2.02163607901961,-0.474915826759936,1.97594683505322,0.0700511002833876,-0.33444283416069,-0.334583636116957,-0.682709543872194,-0.334583636116957,0.111424656127544,-0.127113883264847,0.0823945837141504,-0.334583636116957,2.15969259511467,-0.334583458395392,-0.72815849614803,-0.333157139170079,-0.334583636116957,-0.666509998228119,-0.333913136614057,0.298576126820587,-0.334565984442272,-0.334583636116957,-0.414095822352415,2.02163607901961,3.71366387432572,-0.334583636116957,-0.333826937510469,-0.334583636116957,2.02163607901961,-0.563109333860724,-0.864536117280641,0.291854365358071,-0.334583628881247,0.270721580039876,-0.334583636116957,-0.334583636116957,-0.334583636116957,0.682551226988394,-0.334583636116957,-0.128004916545917,-0.383799653340251,-0.334583636116957,-0.334121188222279,-1.11664241334929,-0.333266618531214,1.06076126746673,-0.334583243490521
amazon-baby.csv,0.0438628270094335,-0.236415777463069,0.412139157524328,-0.244440890138622,7.55270905108201,0.0523857623518552,-0.221932360843029,1.21405615636061,-0.0031321118885943,-0.186480537112012,-0.440108437950755,-0.233922623889351,-0.24405426229351,0.0685604469309707,-0.160692918763118,-0.195393057696589,-0.233510166126878,-0.159900611377459,0.080574630260991,0.384377556202854,-0.564264724190485,-0.126010925148344,-0.244370243258486,-0.242613926149878,-0.445619222095517,-0.244451950455409,-0.0632972445813152,-0.160184185238408,-0.0750883577085776,-0.244442917605602,1.11419149882458,-0.244451823813653,-0.440108437950755,-0.243890329281755,-0.244451950455409,-0.409810960282448,-0.24405426229351,0.0685604469309707,-0.244439107794138,-0.240555930430136,-0.307835466107563,0.0778624587799512,-0.205929121848256,-0.243998646968096,-0.244446141346602,-0.244451950455409,0.331408482924772,0.186633495456689,-0.44507521266891,0.346572011163681,-0.244451950020477,0.00140421478564782,-0.244451950455409,-0.244451950455409,-0.244451950455409,0.168676617250964,-0.244451950455409,-0.16054609526287,-0.416440365341355,-0.244451950455409,-0.243959896958802,-0.416877504575825,-0.242967534282007,0.061806570114431,-0.244451491564708
amazon-beauty.csv,0.510794213778289,-0.314517488567145,-0.998710845098702,-0.341386558073643,-0.341419250643094,0.701216231913501,-0.283582789256693,3.96970298015524,0.371884512233618,-0.170064804515877,-0.801877826481679,-0.310296205373663,-0.340445123241149,0.364146279010618,-0.0508544077917522,-0.213137893765117,-0.309077044629372,-0.113994163692104,-0.247115962363007,-0.596274983129731,-0.471297839008979,0.0950208782936975,-0.341249161625668,-0.335986337786944,-0.759369434753582,-0.341419250643094,0.194045774239384,-0.0923368943168228,0.159193084911678,-0.341320908241952,2.65313871485779,-0.341419037275576,-0.813934169948958,-0.339706638486691,-0.341419250643094,-0.739920715386198,-0.340614267777872,0.418734571855966,-0.341398058538398,-0.329903223776947,-0.672600858360127,2.00367160890571,4.51879297321684,-0.340079356313869,-0.329840147665564,-0.341419250643094,1.71795026846785,-0.713668366271542,-0.977665310295456,0.41066461389472,-0.341419250643094,0.385293185575984,-0.341419250643094,-0.341419250643094,-0.341419250643094,0.879724289179191,-0.341419250643094,-0.0934066438401295,-0.387729062466275,-0.341419250643094,-0.340864048693408,-1.28033704632548,-0.341419250643094,0.559040450363128,-0.341419250643094
amazon-cd.csv,0.324719581409314,-0.20348627874122,-0.798299590510492,-0.214489922830795,-0.214489909442466,2.80409922769988,-0.177895840510895,2.51322816405203,0.236829123876003,-0.106071140679391,-0.505829652565767,-0.194797859150991,-0.213873576369025,0.231933016182256,-0.0311096664082712,-0.133324194133483,-0.214489922830795,0.380826131431394,-3.23307907336147,-0.445250534663908,-3.17958578740437,0.126212593973474,-0.21442475005483,-0.214489922830795,-0.478933892540063,-0.214489922830795,0.124307623392947,-0.0568914108654437,0.102255752449337,-0.214489922830795,1.68021625514811,-0.21448978782965,-0.513457899777696,-0.213406324893937,-0.214489922830795,-0.466628367262647,-0.213980596905074,0.266471928733279,-0.214476514236888,-0.214489922830795,-0.274889099392945,2.80409922769988,2.86064645219534,-0.214489922830795,-0.214073686465892,-0.214489922830795,1.08850711230868,-0.490413629613091,-0.617053290722199,1.91429039616582,-0.214489922700443,0.2453130124876,-0.214489922830795,-0.214489922830795,-0.214489922830795,0.558147720439307,-0.214489922830795,-0.0575682590193448,-0.270191179309504,-0.214489922830795,-0.214489922830795,-0.808558686430834,-0.214489922830795,0.355245770441102,-0.214489922830795
amazon-clothes.csv,0.513690459691085,-0.405359154257968,-1.20223845402053,-0.429838272092601,-0.429857286813721,1.53516719898665,-0.427689541153917,4.34337062790564,0.359890586635904,-0.240151996362593,-0.700773163659283,-0.395415245872506,-0.428795921874314,0.351322867649149,-0.111501118802958,-0.255142872904793,-0.334544486575237,-0.153164135549311,1.98908901352469,-0.334474036769302,1.18621362319327,0.061308860362365,-0.429676363482743,-0.429874469082267,-0.159635300561625,-0.429874469082268,0.16298875023673,-0.154092184927359,0.124400090592183,-0.429874469082268,2.88567966305522,-0.429874469082268,-0.700773163659283,-0.42959155849304,-0.429874469082268,-0.871092569821499,-0.42898319755043,0.411762652750938,-0.429851005328651,-0.429874469082268,-0.535567236518088,3.25236876528952,-0.401903765509421,-0.428390947229938,-0.428914345545626,-0.429874469082268,1.98908901352469,-0.535867163860893,-0.700773163659283,0.40282765039906,-0.429874468168927,0.374736578204254,-0.429874469082268,-0.429874469082268,-0.429874469082268,0.922167320068259,-0.429874469082267,-0.155276604295163,-0.447033198329599,-0.429874469082268,-0.429259753274572,-1.46943784139837,-0.429874469082268,0.567108363405696,-0.429874469082268
amazon-digital-music.csv,0.52417201044984,-0.339614455598659,-1.39426030053672,-0.364346931096401,-0.360286891023585,0.714040195971173,-0.319881907371706,4.13057344253971,0.379339006627476,-0.185719780422505,-1.28671183220827,-0.331930842649284,-0.363500337909947,0.441672129540921,-0.0875184459618602,-0.0474282712636185,-0.330659695200441,-0.103803502291709,0.969890648903963,2.14174961660891,-0.451240563063391,-0.0975437369270134,-0.364251854174032,-0.358716437929057,-1.03950358355765,-0.364381017722343,0.193916978264683,-0.104677444359724,0.157578121939403,-0.364345354337464,2.73402025380891,-0.364380579256907,-1.28671183220827,-0.363182676725191,-0.364381017722343,-0.755936779618207,-0.363500337909947,0.441672129540921,-0.364360647832483,-0.298387431422114,-0.522960943336824,2.68358956717089,-0.296927134127347,-0.362983988441104,-0.364363642985514,-0.364381017722343,1.83760535609209,0.371864935573249,-1.24830146347434,1.04507893882444,-0.36438101737376,1.38226422840332,-0.359261493599684,-0.364380505769931,-0.359261493599684,1.38226422840332,-0.364381017722343,-0.105792809485954,-1.38111096048852,-0.364381017722343,-0.363728239813307,-1.36924405271268,-0.364381017722343,0.574475533457983,-0.364381017722343
amazon-food.csv,0.325613315007739,-0.212433166415399,-0.476027198170029,-0.220161481738704,-0.218990101004611,0.141954743684509,-0.201920735097575,7.46331288390731,0.0804145944546558,-0.164344709744435,-0.41816246987682,-0.210032218572535,-0.219882376774743,0.130732480178062,-0.135780100416564,-0.132969482953802,-0.209635014972436,-0.138747804672636,0.260504603226844,0.905488059136737,-0.606642143180662,-0.116368723150838,-0.220096814866102,-0.218402085408688,-0.520263526778184,-0.220172133005441,0.0804145944546558,-0.139020890958581,-0.057072211303101,-0.220162234595376,0.982931807757643,-0.220171987791693,-0.41816246987682,-0.219528757295284,-0.220172133005441,-0.430174699283366,-0.219882376774743,0.130732480178062,-0.220162119139326,-0.216420201726901,-0.27299851780991,0.438422790271463,-0.185986674595488,-0.219735594301408,-0.220168475118762,-0.220172133005441,0.916967475591821,0.301552622625364,-0.422774478174779,0.38838934001798,-0.220172132873244,0.0165913924400487,-0.220172133005441,-0.220172133005441,-0.220172133005441,0.177677463552377,-0.220172133005441,-0.139369416256702,-1.23374439518474,-0.220172133005441,-0.219885084920068,-0.479716256494897,-0.218742615848129,0.0747598527624978,-0.220171691086159
amazon-games.csv,-0.116109940589626,-0.133810734714549,0.0559902141956605,-0.134317554946391,7.93207425554961,-0.10758865795817,-0.132883740842694,-0.0422072206578391,-0.119077872230048,-0.130657110445953,-0.145927764522528,-0.1336532813898,-0.134297732560267,-0.119398222988779,-0.129194066324593,-0.1292147859496,-0.133627232915809,-0.128978474311138,-0.108609869613961,-0.00247951756651217,-0.16514646665756,-0.126368795063524,-0.134312072470488,-0.134202174346794,-0.155015530552156,-0.134318253452761,-0.12287755800805,-0.128996383214821,-0.123622217295769,-0.134317484057068,-0.0765985588206707,-0.134318245418887,-0.145927764522528,-0.134275617962415,-0.134318253452761,-0.14255220257119,-0.134297732560267,-0.119398222988779,-0.134317878207248,-0.134072203104024,-0.138529705163778,-0.118159889451114,-0.131067756411789,-0.13428962539633,-0.134317987424643,-0.134318253452761,-0.0351337539817558,-0.0851952499735411,-0.146042874717403,-0.110526411499207,-0.134318253411415,-0.118791383774408,-0.134318253452761,-0.134318253452761,-0.134318253452761,-0.108227415238914,-0.134318253452761,-0.129019239382693,-0.277038032779738,-0.134318253452761,-0.134295141181239,-0.148786286836136,-0.134284470230888,-0.0985258335363204,-0.134318243381379
amazon-garden.csv,1.20949554089435,-0.335538435352911,-1.22477350696566,-0.357730774055833,-0.356341022455378,0.263523957609233,-0.317727990604104,3.67554100189341,0.309575263306885,-0.197449437492699,-0.844525938159177,-0.328643964112041,-0.356792050629328,0.496256025400769,-0.120251542376238,-0.150105374265493,-0.327503369239981,-0.123946330627097,0.565998940877426,1.41413536464201,-1.06028020975591,-0.0559516501773644,-0.357484757660922,-0.352678557934338,-0.975206655746758,-0.357761359831536,0.143196913643275,-0.124730514902621,0.110590221776904,-0.357751476129895,5.41029145860022,-0.357761220790504,-0.844525938159177,-0.355698794476411,-0.357761359831536,-0.504062113704182,-0.356792050629328,0.496256025400769,-0.357732618851294,-0.309647043087915,-0.51341069992595,0.49074438592897,-0.290179460282183,-0.356507811759084,-0.357747564122348,-0.357761359831536,1.21102127724959,0.5075847829755,-0.838034930959308,1.50328351487155,-0.357761359418211,0.322119847051927,-0.357761359831536,-0.357761359831536,-0.357761359831536,0.784688531286103,-0.357761359831536,-0.125731326999291,0.030303635483078,-0.357761359831536,-0.35724306566572,-1.24341392172818,-0.357761359831536,0.484670388626219,-0.357761359831536
amazon-health.csv,0.50558310805743,-0.377026886970945,-1.0840885985845,-0.402298329548602,-0.402220215530751,0.515401025999476,-0.394271181000129,4.19057479889558,0.357593921136755,-0.219778557863075,-0.76000484692487,-0.369175833668302,-0.40129536018181,0.349349897644228,-0.0964769275498264,-0.0882450106161855,-0.398619108662777,-0.136077170222086,1.68019873164651,-0.249436973386602,1.92601310926786,0.0252071395475858,-0.402112594219282,-0.392352303292497,-0.761895569360623,-0.402333158986126,0.168131198619119,-0.136970157128716,0.131000450383025,-0.402333158986126,2.78795660172431,-0.402333158986126,-0.76000484692487,-0.400922469109825,-0.402333158986126,-0.826881675743719,-0.401475560428324,0.407506217784134,-0.402310581712486,-0.392352303292497,-0.520110748218507,3.87231302687627,-0.392765275739153,-0.400905685813722,-0.400991947040361,-0.402333158986126,1.70913639538651,-0.513619497931962,-0.76000484692487,0.398908787195135,-0.402333150791719,0.37187901889131,-0.402333158986126,-0.402333158986126,-0.402333158986126,0.898627375535071,-0.402333158986126,-0.138109828155308,-0.434869056704806,-0.402333158986126,-0.401741667648968,-1.40262096914822,-0.402333158986126,0.556982839284099,-0.402333158986126
amazon-home.csv,0.473793884294334,-0.367437243830671,-1.00808541822175,-0.397499046396364,-0.397531586705871,-1.10874996940921,-0.397482469986244,4.01027681795522,0.33176880586267,-0.222334999425411,-0.2073513173935,-0.36571141938701,-0.396536497672723,0.323857024552957,-0.101900050651342,-0.587713626953704,-0.396796746898277,-0.142006859296345,2.16071697291097,-0.41942978069648,3.65279717799697,-0.033041013610507,-0.397275586376119,-0.397532472173605,-0.587713626953704,-0.397532472173605,0.149941615745953,-0.142863857960176,0.114307272857887,-0.397532472173605,2.66418550136662,-0.397532472173605,-0.2073513173935,-0.397527423706575,-0.397532472173605,-0.804971269866736,-0.396709435673649,0.379669588301918,-0.397510804786101,-0.397532472173605,-0.495133486313236,2.20326583593678,-0.392739477635731,-0.381093136828514,-0.397233445200681,-0.397532472173605,2.16071697291097,-0.677370280091289,-0.2073513173935,0.371418642546213,-0.397532470996153,0.345478200252965,-0.397532472173605,-0.397532472173605,-0.397532472173605,0.850998084663038,-0.397532472173605,-0.143957599133474,-0.422444834084993,-0.397532472173605,-0.396964818513906,-1.35750770853097,-0.397532472173605,0.523122156249413,-0.397532472173605
amazon-instant-video.csv,-0.124033361472296,-0.124041723384936,-0.123950678133727,-0.124042009385523,7.93822301085912,-0.124017718805638,-0.124040722980139,-0.12396728745688,-0.124020556243217,-0.124041982839336,-0.124049244340834,-0.124041634533425,-0.124041994161902,-0.124032113263373,-0.124039205265441,-0.124038010557501,-0.124041619834172,-0.124038996521988,-0.123988262657277,-0.123943652936722,-0.124030510764814,-0.124037415507993,-0.124042005998812,-0.124041944275811,-0.124048620911964,-0.124042009779693,-0.124037532884176,-0.1240406265855,-0.124033841471437,-0.124042008893217,-0.124016760350206,-0.124042009768267,-0.124048989947844,-0.124041990101017,-0.124042009779693,-0.124048870237562,-0.124041992218927,-0.124033510410594,-0.124042009327367,-0.124041870932544,-0.124044551479374,-0.124012317892191,-0.124033147050817,-0.124041993624772,-0.124042009732677,-0.124042009779693,-0.123981016836938,-0.124037392324459,-0.124050348028167,-0.124037845927514,-0.124042009779502,-0.124025161202018,-0.124041110608274,-0.124042009779661,-0.12404197820687,-0.124008876494661,-0.124042009779693,-0.124039019525873,-0.124160864436056,-0.124042009779693,-0.124041997455623,-0.124050335518701,-0.124040077849775,-0.124033603197679,-0.124042009646669
amazon-instruments.csv,0.351663145151943,-0.318681143260519,-1.01722235765336,-0.337874861082999,-0.337401092322802,0.0157767901540376,-0.297885156363092,3.15042267282002,0.239265022812654,-0.199250681478274,-0.922850999223646,-0.312718250511633,-0.337564909097557,0.51947099647127,-0.124407068965068,-0.202056302698928,-0.311731772411369,-0.135679288163687,0.848144629089451,2.93883067480577,-1.16390899713661,-0.0598658619971873,-0.337732491955634,-0.293997248667229,-0.989134203567597,-0.337901314119612,0.0953676563402863,-0.136357513739942,0.0671667690347374,-0.337894991396309,4.58123497053878,-0.337901213542546,-0.922850999223646,-0.33667661808515,-0.337901314119612,-0.404716854541343,-0.337564909097557,0.51947099647127,-0.337891661805526,-0.294184969595829,-0.464578327628381,0.655332072011438,-0.270977596035445,-0.336817145015055,-0.337878540985303,-0.337901314119612,2.26714920789266,0.692056862109808,-0.912904535911781,1.04238250260901,-0.337901312950211,1.01758839386266,-0.333928290820562,-0.337900916817282,-0.333928290820562,1.01758839386266,-0.337901314119612,-0.13722309646351,-1.65132071951719,-0.337901314119612,-0.337519812039164,-1.10542291193867,-0.337901314119612,0.390701357326988,-0.337901314119612
amazon-kindle.csv,0.497590646642764,-0.382641686981432,-1.2325777959087,-0.4078450508675,-0.407743587146709,1.93975284279086,-0.381313631396586,4.17265534530161,0.350000127514159,-0.225816968851341,-0.688712074249135,-0.374811783616502,-0.406844783397997,0.341778312581,-0.103042397065701,-0.175928700992648,-0.37351643444254,-0.142341064220958,1.91862131223864,-0.239612025520026,0.397570003598699,0.127126510596834,-0.407743251882385,-0.39671110286752,-0.690710050404381,-0.407879786478068,0.161047798268068,-0.143231645511841,0.124017076484753,-0.407879786478068,2.7738156586514,-0.407879786478068,-0.688712074249135,-0.401581976038435,-0.407879786478068,-0.831284612785539,-0.407024498203407,0.399777965519555,-0.407857270025303,-0.39671110286752,-0.528547028751181,3.66590319343863,-0.378082539567088,-0.406456158772956,-0.407442059667275,-0.407879786478068,1.94993521848739,-0.601765984912811,-0.688712074249135,0.391203695532636,-0.407879779655277,0.364246742670763,-0.407879786478068,-0.407879786478068,-0.407879786478068,0.889576092908115,-0.407879786478068,-0.1443682463808,-0.428580764519933,-0.407879786478068,-0.40728988855831,-1.40547292319131,-0.407879786478068,0.548851912230237,-0.407879786478068
amazon-movies.csv,-0.126404057837044,-0.132334915589379,-0.0435395527560158,-0.132699872228163,7.934347413038,-0.116280121436765,-0.131021863750133,-0.10184396691217,-0.117779127118144,-0.132833460290942,-0.143713197559883,-0.132221534882462,-0.132687912121829,-0.111647049524854,-0.129240755440375,-0.128455706994668,-0.132202777613285,-0.128855248828352,-0.119428617777172,-0.106763867521425,-0.142057732552932,-0.125933297232858,-0.132696336782536,-0.132616787707924,-0.142134996341211,-0.132700375216245,-0.128124864183502,-0.133152151948367,-0.126771775855054,-0.132700027156016,-0.0623786297033856,-0.132700370670055,-0.142977358172099,-0.132677172731345,-0.132700375216245,-0.145133894024169,-0.132684872033004,-0.116622455680447,-0.132699878555256,-0.132523196598257,-0.136193447795882,-0.0554449270123261,-0.12107233927754,-0.132679760413218,-0.132700047929905,-0.132700375216245,-0.118008071311172,-0.130509151261403,-0.145666915238952,-0.131106692477477,-0.132700374658416,-0.120810009853952,0.0667988964378835,-0.132700374749795,-0.131025339920195,-0.104288361488158,-0.132700375216245,-0.128884603385569,-0.189929669147438,-0.132700375216245,-0.132688284864801,-0.144063247160242,-0.130863606565386,-0.127069444583273,-0.132700360188085
amazon-office.csv,0.494223935901851,-0.362664226630701,-1.2743558178437,-0.387199185578474,-0.385514324972848,0.487817537530187,-0.333010881435307,4.07182420861178,0.350547586019742,-0.209998573001631,-0.905482983672667,-0.355041975946546,-0.386190923640418,0.29708083963167,-0.125408956950249,-0.24428720834469,-0.35378098003545,-0.128736488206403,0.730745191295692,2.31693680371541,-1.58841639437393,-0.0600395318428784,-0.386915836860954,-0.381613658212679,-1.1358523722117,-0.387232999984486,0.166606360471607,-0.129603450867032,0.130557710661719,-0.38721559145922,3.9636692630173,-0.387232774781896,-0.905482983672667,-0.385052068866854,-0.387232999984486,-0.438654530574227,-0.386190923640418,0.29708083963167,-0.387211351393789,-0.326922575593543,-0.574201141094029,0.602198503578012,-0.289943054620115,-0.385847127548579,-0.387220552845302,-0.387232999984486,1.97564326508227,0.921087265824068,-0.902003005161516,1.58038834704217,-0.387232999493357,0.364416374312928,-0.387232999984486,-0.387232999984486,-0.387232999984486,0.875813745727244,-0.387232999984486,-0.130709908552044,0.370337881262862,-0.387232999984486,-0.38638174360593,-1.29012880066297,-0.385597568110054,1.34546332529553,-0.387232512433071
amazon-pet-supplies.csv,-0.123961760151414,-0.124863896159954,-0.11171233875804,-0.124889726683589,7.93817899557264,-0.123682000335435,-0.124823982805795,-0.101759825212605,-0.124587313708654,-0.124703169020255,-0.125523343859866,-0.12485587141751,-0.124888641425919,-0.123933972968505,-0.124616500195717,-0.124680747148943,-0.124854543834906,-0.124617615903724,-0.123710875457612,-0.122509022174521,-0.125935028847527,-0.124525623123193,-0.124889479769385,-0.124883846213321,-0.125554126670246,-0.12488976228356,-0.124587313708654,-0.124618528646213,-0.124344629715056,-0.124889733769934,-0.120869514298367,-0.124889761860795,-0.125523343859866,-0.124887809892637,-0.12488976228356,-0.125291732371325,-0.124888641425919,-0.123933972968505,-0.124889725235876,-0.124877222118529,-0.12509336773463,-0.123885523762099,-0.124760450189459,-0.124888303230346,-0.124889748579938,-0.12488976228356,-0.122687816530083,-0.124323812216282,-0.125536953631986,-0.123117098617418,-0.12488976228269,-0.124098422181082,-0.12488976228356,-0.12488976228356,-0.12488976228356,-0.123560020551093,-0.12488976228356,-0.124619693530224,-0.12598078641243,-0.12488976228356,-0.124888160937497,-0.125542421736773,-0.12488804049296,-0.123065571198599,-0.124889761770263
amazon-phones.csv,0.635631692383139,-0.360675143525435,-1.02355477000327,-0.399332717349074,-0.399115375574139,2.33577489173122,-0.387566803146629,4.83643930029395,0.466927349344714,-0.191264284685577,-0.614128385159714,-0.361573817367591,-0.398189354839738,0.457529348070164,-0.0521399688548396,-0.486758972954948,-0.360093159716348,-0.095846586222604,1.49498634168182,-0.0922890091939888,0.0124259646792625,-0.0167880326549047,-0.398994140953194,-0.391585321394381,-1.0851763029191,-0.39937242212412,0.250944108962819,-0.0968645712021799,0.208615891489383,-0.39937242212412,3.23748611721878,-0.39937242212412,-0.614128385159714,-0.397932733320312,-0.39937242212412,-0.88334817804147,-0.398394779065901,0.523826244396746,-0.399346684540204,-0.391585321394381,-0.526304808642745,2.11139358210265,-0.3655370844259,-0.397745134828567,-0.398928815862564,-0.39937242212412,1.52050293470948,-0.614473365178319,-0.614128385159714,0.514025366984581,-0.399372413386885,0.483212039341785,-0.39937242212412,-0.39937242212412,-0.39937242212412,1.08369331302963,-0.39937242212412,-0.0981637705276287,-0.425468920511533,-0.39937242212412,-0.398698135309492,-1.53967801724301,-0.39937242212412,0.694226229385325,-0.39937242212412
amazon-sports.csv,1.14482568660343,-0.384437300399911,-1.07216875474556,-0.407001190288475,-0.407001171651987,2.48120721379253,-0.407001190288475,3.58659233267351,0.253765342142071,-0.248267577658412,-0.83354543738136,-0.378170462383125,-0.406098810658606,0.246597055922355,-0.139412377377599,-0.288168188457813,-0.407001190288475,-0.175488126685014,2.48120721379253,-0.417179864277391,2.39778375459795,-0.0187783906460977,-0.406817267149097,-0.407001190288475,-0.794167932224095,-0.407001190288475,0.0890250276337553,-0.176264590476388,0.0567393565473298,-0.407001190288475,2.36699747059941,-0.407001190288475,-0.844713790446732,-0.407001190288475,-0.407001190288475,-0.776151676702361,-0.40625549712912,0.297164736694506,-0.40698155905384,-0.407001190288475,-0.495430328721357,2.48120721379253,-0.407001190288475,-0.407001190288475,-0.40629753161037,-0.407001190288475,2.48120721379253,-0.736156161146839,-0.996385579505209,0.289689158383511,-0.40700118911095,0.266186421421391,-0.407001190288475,-0.407001190288475,-0.407001190288475,0.724201004908408,-0.407001190288475,-0.177255549335533,-0.449662495021504,-0.407001190288475,-0.406486880836898,-1.27676452027334,-0.407001190288475,0.427136613538261,-0.407001190288475
amazon-tools.csv,0.521788668103247,-0.399453197997332,-1.17289748299216,-0.428727663912624,-0.428534315267058,0.77037044501643,-0.401338229443612,4.37983074320115,0.366849781478612,-0.237636606516003,-0.535239637600556,-0.394049707092215,-0.427677594240354,0.358218611541013,-0.109441158523653,-0.322288620340521,-0.392689863926212,-0.150004529606336,0.264631134776551,-0.459954122604647,-0.0186414489141505,0.0269444119229704,-0.428550314803718,-0.428764128970538,-0.535239637600556,-0.428764128970539,0.16848972629776,-0.15093945194737,0.129615286137996,-0.428764128970539,2.91134438719694,-0.428764128970539,-0.535239637600556,-0.421634046065038,-0.428764128970539,-0.873249809804911,-0.427866256845679,0.419106002573797,-0.428740491448679,-0.428764128970539,-0.535239637600556,3.22760011110811,-0.374418138412413,-0.427269620428254,-0.427315816590126,-0.428764128970539,2.20382410756126,0.131431111498317,-0.428764128970539,2.20382410756126,-0.428764120034541,0.381805719729704,-0.428764128970539,-0.428764128970539,-0.428764128970539,0.933290632971958,-0.428764128970538,-0.152132642907146,-0.479058182239316,-0.428764128970539,-0.428764128970539,-1.47602631640172,-0.42700049846362,1.43975521828293,-0.428763603200824
amazon-toys.csv,0.235414847810642,-0.404512491360853,-0.973218253861279,-0.422372826630737,-0.422372815271,2.40443904871737,-0.377731298396834,2.90520082107589,0.128196300637776,-0.290111547821042,-0.777781404906483,-0.398350259018275,-0.421620938723439,0.122223484379238,-0.199050060935839,-0.323357850996386,-0.422372826630737,-0.229469676844144,2.40443904871737,-0.466588327407201,2.33223646560124,-0.103454857303342,-0.422213186118422,-0.422372826630737,-0.74497096796032,-0.422372826630737,-0.00906992991895552,-0.230116648158504,-0.0359712526720112,-0.422372826630737,1.8890003238089,-0.422372661941337,-0.78708718856597,-0.421050933449496,-0.422372826630737,-0.729959320740899,-0.421751494266269,0.164357888142555,-0.422356469337821,-0.422372826630737,-0.496054454229235,2.40443904871737,3.32902025678529,-0.422372826630737,-0.421946478114306,-0.422372826630737,2.40443904871737,-0.509574865542672,-0.913464358768605,0.158129027532178,-0.42237282512447,0.138545890762133,-0.422372826630737,-0.422372826630737,-0.422372826630737,0.520176432156425,-0.422372826630736,-0.230942342753283,-0.457023420799625,-0.422372826630737,-0.421944289633169,-1.1470839220285,-0.422372826630737,0.272654085500036,-0.422372826630737
bookcrossing.csv,1.13533801102944,-0.315902140064717,-0.843870983067021,-0.336747256397102,-0.33655986715965,1.27916784819566,-0.294643661562567,3.45167813198778,0.290048871957637,-0.186196061622451,-1.25127322775291,-0.309426209024277,-0.336611764976719,1.31328710645237,-0.111717330586977,-0.645999355043105,-0.308354855837283,-0.11715508158354,-0.73208452859797,0.758606241401261,1.36311136585955,-0.351542449010147,-0.33670061877784,-0.332001743353222,-1.00954731495066,-0.336775985413055,0.13377079327675,-0.117891660664643,0.10314354419465,-0.336765835892068,4.52512273871611,-0.336775875019615,-1.25127322775291,-0.336677667333441,-0.336775985413055,-0.709158686470871,-0.336611764976719,1.31328710645237,-0.336773098196526,-0.326656128665437,-0.460907299662317,1.14854149098963,-0.247998601681719,-0.335598536035218,-0.334975450452267,-0.336775985413055,1.42606732095283,0.836100298306328,-1.21811110158003,0.245351864274477,-0.336775985043793,0.671131010513061,-0.328322389540324,-0.336775511855138,-0.332040406243609,1.11126174873695,-0.336775985413055,-0.118831716819211,-0.310176158275151,-0.336775985413055,-0.336716020544133,-2.25995058344344,-0.336775985413055,0.45451456011129,-0.336775985413055
flixter.csv,-0.130419862014737,-0.137025339982974,-0.138995298405125,-0.137169437825986,0.0923302048843246,-0.116100936244728,-0.136017298019447,-0.120848889743428,-0.132340254781649,-0.135595156826973,-0.14130289918184,-0.136980573252986,-0.137166621749977,-0.131801238484067,-0.13554593998731,-0.13472482182675,-0.13697316721692,-0.135651443959778,-0.117402485050233,-0.11695259486774,-0.117680817190093,-0.134907567555583,-0.137168866857323,-0.137136633106516,-0.138368381875366,-0.137169636423546,-0.133674811401302,-0.135656535773856,-0.134128566548735,-0.137169518758921,-0.133452982778478,-0.137169636322461,-0.137851958173978,-0.137169550617672,-0.137169636423546,-0.139590413366956,-0.137167426000662,-0.132551929815773,-0.137169507687862,-0.137099680012381,-0.137902304569371,-0.117149882120456,-0.133396988830235,-0.137161496967143,-0.137167373287214,-0.137169636423546,-0.12593453684828,-0.13688053414668,-0.144179000126449,-0.141541039794243,-0.13716963639555,-0.135616724036094,7.91910538036193,-0.137169124448963,0.374804946101334,-0.133050652730983,-0.137169636423546,-0.135663034181542,-0.179712403331782,-0.137169636423546,-0.137168449745694,-0.145615122877678,-0.136113458471121,-0.130501977676785,-0.137169565377033
jester1.csv,-0.348635059171103,-0.169991383757368,0.0749472713477722,-0.203234796144217,-0.202953771275879,-0.25909837112169,-0.0634755329042549,0.174294658187282,0.322361506807512,-0.394009431082326,-0.0485425331268421,-0.194126845245996,-0.200768596034319,-0.196222468173827,0.130153192912433,-0.137332862418727,-0.202733128426134,-0.203267801607045,1.39208575116256,1.60968770183156,0.860550890788573,0.119001707524931,-0.203063460714303,-0.203267801607045,-0.625218094812481,-0.203267801607045,-0.0808594660519958,0.0481984670533051,0.302135784275221,-0.203052801527543,2.81995041817424,-0.203267586197434,-0.68030505706222,-0.201538798417157,-0.203267801607045,-0.605583236038574,-0.202891963025425,0.564161285587517,-0.203246406677387,-0.203267801607045,-4.13898950779244,2.16426740569513,4.70346044224559,-0.203267801607045,-0.202872532266752,-0.203267801607045,-0.28914806516741,0.0723144220729689,-0.302757701325201,0.556014091837261,-0.203266525378503,0.530399839170007,-0.203267801607045,-0.203264171804963,-0.166969780778953,-0.055219917447746,-0.203267801607045,0.0471184791930858,-1.38974807355808,-0.203267801607045,-0.20305228137694,-0.833451387992318,-0.198789154818766,-0.237476838366934,-0.203267712314288
jester2.csv,-0.385602479497564,-0.232027463450207,0.113075652234543,-0.249960234286687,-0.249769298260469,-0.247714659602397,-0.167068243838618,0.240303681349632,0.274210740826435,-0.259728322043767,-0.150641971956015,-0.241493115182038,-0.247445108747,-0.343869887390433,0.0741880112908539,-0.432218858304133,-0.249467895743643,-0.249993076681941,1.33747843440821,1.55400529570802,0.808569687798336,0.0706842200538653,-0.24978974536067,-0.249993076681941,-0.669858672240308,-0.249993076681941,-0.148268206230725,0.00023079175488797,0.25291350023203,-0.249745982441507,2.75828855931012,-0.249992862336588,-0.724673470535109,-0.248272615846306,-0.249993076681941,-0.650320821916319,-0.249565735758279,0.513644432125004,-0.24997178745658,-0.249993076681941,-4.04716651191353,2.10584502990602,4.63249286899132,-0.249993076681941,-0.249569755608776,-0.249993076681941,-0.335313977789313,-0.171332460598185,-0.347485475449479,0.505537490593824,-0.249991839378565,0.48004978831207,-0.249993076681941,-0.249989630291528,-0.215529172551418,-0.0946662540775353,-0.249993076681941,-0.000843860291640893,1.81210019043643,-0.249993076681941,-0.249745302901596,-0.913469811538743,-0.245600601663952,-0.265522527172797,-0.24999298885976
jester3.csv,-0.133225056288643,-0.141331274989617,-0.130045799994671,-0.142418423876384,-0.142407409832376,-0.140721869708514,-0.137415672164992,-0.130196799938084,-0.0311975750664456,-0.108312475622546,-0.156934376209794,-0.140151194443877,-0.142300404590389,-0.135085454275327,-0.117255581935544,-0.139177146577066,-0.140807816067433,-0.142420807945693,-0.0271843253578335,-0.0114663778496961,-0.0655784528388488,-0.119142453995113,-0.142406047878441,-0.142420807945693,-0.172899360822888,-0.142420807945693,-0.129650981552581,-0.124256753815118,-0.105914209503451,-0.142356133524423,0.0759540050468965,-0.142420792386104,-0.176878433521282,-0.142295917606721,-0.142420807945693,-0.171481084568521,-0.142316405967714,-0.0869874348915603,-0.142419262535,-0.142420807945693,-0.157950308358533,0.0285923378355555,0.21200476929044,-0.142420807945693,-0.142414236914549,-0.142420807945693,-0.11778856423047,-0.0787216318074057,-0.185481481941702,-0.23835259732551,-0.142420138825706,-0.168015962179092,7.92204301588683,-0.142420283182,-0.13758458575399,-0.14009515069048,-0.142420807945693,-0.124334764110725,-0.191581782611242,-0.142420807945693,-0.142355869616731,-0.177394098647317,-0.140014756177172,-0.132821536783173,-0.1424203471957
movielens100k.csv,-0.12403485763657,-0.124034861478007,-0.124034858982323,-0.124034861544371,7.93822301370536,-0.124034861901235,-0.124034861521889,-0.124034862305796,-0.124034861440757,-0.124034861130004,-0.124034863154072,-0.124034861479816,-0.12403486154293,-0.124034859781695,-0.124034861013105,-0.124034861485698,-0.124034861526129,-0.124034860845257,-0.124034861024062,-0.124034861024187,-0.124034861024062,-0.124034861626207,-0.124034861544105,-0.124034861544463,-0.124034862713768,-0.124034861544463,-0.124034861547765,-0.124034860847602,-0.124034860143893,-0.124034861543729,-0.124034853166547,-0.124034861544462,-0.124034862866424,-0.124034861539671,-0.124034861544463,-0.124034862659356,-0.124034861543219,-0.12403485941777,-0.124034861544403,-0.124034861544463,-0.124034861113417,-0.124034861024062,-0.12403484794698,-0.124034861544463,-0.124034861534777,-0.124034861544463,-0.124034860140884,-0.124034861262823,-0.124034864313256,-0.124034861830146,-0.124034861544463,-0.12403486081972,-0.124026790021787,-0.124034861544453,-0.124034846360522,-0.124034858557524,-0.124034861544463,-0.124034860850594,-0.124034857444587,-0.124034861544463,-0.124034861544005,-0.12403486438966,-0.124034861519807,-0.124034859950849,-0.124034861544463
movielens10m.csv,-0.12415700584366,-0.124157734604538,-0.12415739119006,-0.124157765953463,7.93821923998475,-0.124157433941755,-0.124157573578543,-0.124157500284357,-0.1241572528341,-0.124157417065721,-0.12415777372761,-0.124157757630028,-0.12415776555809,-0.124157817378595,-0.12415743740034,-0.124157775977416,-0.124157568766212,-0.124157381995024,-0.124157765996668,-0.124157765996668,-0.124157765996668,-0.124157765996668,-0.124157765965055,-0.124157765996668,-0.124158318346898,-0.124157765996668,-0.124157302451768,-0.124157436817015,-0.124157104402658,-0.124157765804007,-0.124153808480095,-0.124157765996386,-0.12415839045799,-0.124157763733332,-0.124157765996668,-0.124158292644063,-0.124157765661593,-0.124156761400536,-0.124157765968661,-0.124157765996668,-0.124158356370169,-0.124157765996668,-0.124151342888268,-0.124157765996668,-0.124157765728395,-0.124157765996668,-0.124155932201594,-0.124157464823172,-0.124159396966097,-0.124156606406628,-0.124157765996659,-0.124157494180466,-0.116295257250232,-0.124157765995969,-0.124157067184896,-0.124155257897111,-0.124157765996668,-0.124157438230763,-0.124162209395417,-0.124157765996668,-0.124157765801704,-0.124159488173388,-0.124157752176397,-0.124156026504575,-0.124157765996588
movielens1m.csv,-0.124004385410449,-0.12408578970469,-0.12414079425116,-0.124088641904981,-0.123791188397821,-0.124095581058744,-0.124087624660049,-0.124099278740304,-0.124080907864392,-0.124104051378107,-0.124081879982629,-0.124087812198929,-0.12408858325065,-0.124083649684646,-0.124060293595288,-0.124083731558995,-0.124086734950326,-0.124053708445956,-0.124088645835921,-0.124088645835921,-0.124088645835921,-0.124088645835921,-0.124088642959674,-0.124088645835921,-0.124138899983755,-0.124088645835921,-0.124081434987814,-0.124058696282042,-0.124028452427053,-0.124088627582508,-0.123728581492329,-0.124088645810266,-0.124145460823715,-0.124088439912182,-0.124088645835921,-0.124136561478222,-0.124088614050217,-0.123997245271871,-0.124088643287792,-0.124088645835921,-0.1240840802319,-0.124088645835921,-0.123504256038073,-0.124088645835921,-0.124088414168027,-0.124088645835921,-0.124007866434994,-0.124051052392827,-0.124219965774842,-0.124059818769784,-0.124088645834768,-0.124072013739563,7.93822281261912,-0.124088645687721,-0.122454137875245,-0.123847267258496,-0.124088645835921,-0.124058824908258,-0.12386389999893,-0.124088645835921,-0.124088629096607,-0.124242420528964,-0.124086781225069,-0.124023467565432,-0.124088645835085
movielens20m.csv,-0.165641920984032,-0.16699565988331,-0.167747749847738,-0.167037729137028,3.34016019756329,-0.166419836341679,-0.166878220648758,-0.166416031086878,-0.16609378727181,-0.166566612395378,-0.167041762072752,-0.166835734088113,-0.167036941177249,-0.166379761330672,-0.16660364146659,-0.166896393016591,-0.166790108815454,-0.1665945520029,-0.166565986936739,-0.16656568910154,-0.166711384019308,-0.166954863776998,-0.1670375947609,-0.167028151824574,-0.167037787117432,-0.167037787117432,-0.166261409850152,-0.166596038554078,-0.166149949121638,-0.167037650378554,-0.167037787117432,-0.167037787032415,-0.167037787117432,-0.167037694655182,-0.167037787117432,-0.167744531072086,-0.167037311939474,-0.165689651247957,-0.167037749533149,-0.167017363397347,-0.167082853709268,-0.166566235808815,-0.144380264531893,-0.167035410809436,-0.167037588156563,-0.167037787117432,-0.163833368118496,-0.166705432397278,-0.169235719718324,-0.166208037828757,-0.167037787111675,-0.166511560667013,7.14819359813801,-0.167037786528183,-0.166448538412632,-0.16483412422593,-0.167037787117432,-0.166597935759172,-0.169563678130745,-0.167037787117432,-0.167037517831256,-0.169318028790961,-0.167028884520815,-0.166025709853361,-0.167037787082249
movielens_latest.csv,-0.128701389011465,-0.131670804462299,-0.131237362811719,-0.131754231415801,7.92933598335427,-0.130402946201899,-0.131691342121695,-0.130655710372761,-0.129526021011028,-0.129730915892208,-0.135497935280382,-0.131644886295704,-0.131752447423661,-0.126604865027607,-0.130503662581872,-0.132042464976844,-0.131640598493656,-0.130875372988468,-0.118063695883126,-0.117857159883864,-0.119709869538138,-0.13040930949126,-0.131753251671139,-0.131655496103759,-0.131534528471195,-0.131754346395935,-0.130548768592316,-0.130878320947489,-0.12999368718177,-0.131754028912098,-0.128708871961347,-0.131754345106177,-0.13272849763069,-0.131747272708536,-0.131754346395935,-0.132090080630185,-0.131747677798205,-0.131418752118097,-0.13175427882246,-0.131713844399934,-0.132049981980509,-0.119243546863632,0.248471089191757,-0.13174963397251,-0.13175433567207,-0.131754346395935,-0.126712454699138,-0.132544342134018,-0.135453378513446,-0.135657664673944,-0.131754346381526,-0.12904063631146,-0.129198879754984,-0.131754346373275,-0.131754119798778,-0.128437777354431,-0.131754346395935,-0.130882083268593,-0.0903059198279243,-0.131754346395935,-0.131752986926157,-0.135055111403771,-0.131748293014609,-0.126676462808304,-0.131754344612422
movietweetings_latest.csv,-0.127070484310864,-0.130116864477056,-0.130710398444055,-0.130230481370235,0.0879896787441259,-0.125727609469897,-0.130125206521109,-0.12638966630902,-0.128149930106383,-0.129605089942413,-0.135481539591782,-0.130081567232679,-0.130229287288241,-0.129227383820392,-0.12886556918913,-0.129049721245972,-0.130075727791984,-0.129033588041801,-0.104530841376003,-0.101862941191936,-0.113605239045174,-0.128319767877106,-0.130229950863861,-0.130204615817844,-0.132606056291676,-0.130230637958544,-0.128514622106291,-0.129037602786811,-0.127832844182505,-0.130230614152642,-0.122411034468653,-0.130230637943918,-0.13402096884638,-0.130225520600772,-0.130230637958544,-0.132130356755991,-0.130230156060615,-0.129307318538202,-0.130230637563193,-0.130175479394556,-0.13074319562993,-0.108675091293058,-0.127981515156374,-0.130224220237576,-0.130230269316152,-0.130230637958544,-0.120596025767404,-0.132272543923074,-0.136281930994954,-0.133153804604396,-0.130230637919684,-0.125069744982614,7.93503762127637,-0.130230636798341,-0.0702860000936693,-0.125668647821831,-0.130230637958544,-0.129042726589336,-0.130549992335171,-0.130230637958544,-0.130229577581816,-0.136831765447629,-0.129491245280028,-0.127746581916004,-0.130230635521585
movietweetings_recsys2014.csv,-0.133193852554466,-0.145844649603074,-0.147980683472781,-0.146297634214948,0.757610479809124,-0.130338592711527,-0.145774437839738,-0.131719717133921,-0.136475665395327,-0.138826617310559,-0.172715164551583,-0.145703921335498,-0.146293562340969,-0.138314370853536,-0.141112862411261,-0.13954620816876,-0.145680639790802,-0.141525683102164,-0.0512300370966444,-0.0414447300569582,-0.0987194398826176,-0.138513267108756,-0.146295319017796,-0.146194509610122,-0.147851446468525,-0.146298258524351,-0.140185420803681,-0.141541689680581,-0.136738380124181,-0.146298097999078,-0.112378864748926,-0.146298258310862,-0.166964322450861,-0.146285292580509,-0.146298258524351,-0.154688434772565,-0.146295561784118,-0.135403846778489,-0.146298250027804,-0.146078344214067,-0.148447882591606,-0.0582069864096722,-0.129527802408935,-0.146272671406442,-0.1462974080386,-0.146298258524351,-0.101674002462555,-0.153418423850338,-0.171107922501945,-0.155875466070498,-0.146298258162442,-0.123559536639199,7.88597270704805,-0.14629825317231,-0.0180578640769924,-0.127921698922375,-0.146298258524351,-0.141562118013315,-0.190697811084524,-0.146298258524351,-0.146293950777867,-0.171824828829749,-0.142988601091596,-0.136414404325166,-0.146298227091236
tripadvisor.csv,-0.129798622330938,-0.135846465154705,-0.109093360585689,-0.136006553703518,7.92819380475925,-0.127694855332408,-0.135230220388454,-0.123986138879308,-0.129970639880969,-0.133605362213337,-0.140119903655612,-0.135796730608448,-0.136002050797345,-0.128583322363756,-0.134696429002778,-0.134456551584422,-0.135788502715917,-0.13432010628648,-0.13158229066858,-0.127125697408353,-0.0320770334543456,-0.131332199112472,-0.136005290000468,-0.135970108606045,-0.138699768470069,-0.136006774339681,-0.133602021135089,-0.131539810094063,-0.133043939349584,-0.136006543090252,-0.116536619312735,-0.136006772020613,-0.139894207553337,-0.135999664644638,-0.136006774339681,-0.14144522455822,-0.135999742335753,-0.130938724148426,-0.136006636143882,-0.13592905478393,-0.1380412246521,-0.120662874130698,-0.124837588228027,-0.135997731638302,-0.136006569038061,-0.136006774339681,-0.125444112129421,-0.135920289984206,-0.141828596739633,-0.136334656294861,-0.136006774330547,-0.130012389823894,0.2426570979707,-0.13600675859485,-0.120261943888214,-0.12274827034578,-0.136006774339681,-0.134332982688678,-0.017254374193358,-0.136006774339681,-0.136002980441803,-0.142426327152299,-0.13587457093922,-0.132072079710189,-0.136006773712469
yahoo-movies.csv,-0.141922649629506,-0.142293203281842,-0.140407133785622,-0.142307653347776,7.85397237420164,-0.141752526804387,-0.142277182487061,-0.141667553036913,-0.142103653481742,-0.142248789239648,-0.142744837168435,-0.14228871409459,-0.142307015812312,-0.141731174632024,-0.142145882045259,-0.142180911411059,-0.142287971420673,-0.142155429615661,-0.14043628561715,-0.140375235111841,-0.14055354969917,-0.142122518110009,-0.142307479202864,-0.142304363705479,-0.142448029189338,-0.142307673263048,-0.142149235842202,-0.142155940220453,-0.1420027161639,-0.142307660443127,-0.141409923634561,-0.142307673218682,-0.142649292999312,-0.142306570245863,-0.142307673263048,-0.142362777792959,-0.142307387915744,-0.142249526379576,-0.14230767166886,-0.142300658066064,-0.142379705828097,-0.140699236386816,-0.140064573485446,-0.142306857042075,-0.142307650164355,-0.142307673263048,-0.140583655248815,-0.142472455811213,-0.142835435770428,-0.142762091375949,-0.142307673239606,-0.142021416779341,1.02901904405744,-0.142307669758986,-0.0806725008668362,-0.141783462312672,-0.142307673263048,-0.14215659187781,-0.138099415089425,-0.142307673263048,-0.142307089562446,-0.142708256817491,-0.142209726055606,-0.141973140429033,-0.14230767151973
yahoo-music.csv,-0.128282485294334,-0.128301272615454,-0.128293186545716,-0.128301738775993,7.93368921645238,-0.128296337715383,-0.128300271791378,-0.128295921625163,-0.128296166283885,-0.128299373332711,-0.128305893816771,-0.128300755918083,-0.128301696393952,-0.128289678715152,-0.128295680274255,-0.128298029022634,-0.128300554106697,-0.128296828023515,-0.1282916305883,-0.128291630981971,-0.128292692702666,-0.128306544314046,-0.128301737564518,-0.128301739418462,-0.128309952902187,-0.128301739418462,-0.128296984912641,-0.128296844495675,-0.128291901472633,-0.128301717791011,-0.128242890890461,-0.128301739414269,-0.128311025198794,-0.128301705762508,-0.128301739418462,-0.128309570699364,-0.128301705090388,-0.128286801008846,-0.128301739001998,-0.128301739418462,-0.128299797052855,-0.1282916305883,-0.128206227380143,-0.128301739418462,-0.128301732442583,-0.128301739418462,-0.128274822908499,-0.128293684296854,-0.128308014653241,-0.128308403516147,-0.12830173941824,-0.128292226014263,0.144214750449268,-0.128301739234522,-0.123460999872371,-0.128287999770709,-0.128301739418462,-0.128296865518206,-0.128360919597864,-0.128301739418462,-0.128301727534453,-0.128315665591287,-0.128300443312618,-0.128288988393993,-0.128301739413445
yelp.csv,0.576739864929691,-0.314396519237113,-0.803657630103763,-0.339771431113724,-0.339681439566935,-0.086507732062642,-0.32519388736649,4.29733014779031,0.427321039320271,-0.155629104176337,-0.5825478733322,-0.306469621409729,-0.338899436253914,0.418997375043298,-0.0319973735172856,-0.413786299806322,-0.305158225844009,-0.0711191254175578,1.35524261821165,-0.33696559903411,-2.87893897856863,0.062775486231204,-0.339654367432689,-0.339947260637481,-0.212204083319516,-0.339947260637481,0.236028026064358,-0.0720207389587197,0.19853857895759,-0.339947260637481,2.88116206037409,-0.339947260637481,-0.5825478733322,-0.334715657149984,-0.339947260637481,-0.76859709721063,-0.339081377311696,0.477715510049527,-0.339924465257744,-0.339947260637481,-0.44262932969227,2.81136243226955,-0.326429913032859,-0.338505997465167,-0.339339570794784,-0.339947260637481,1.56171667505114,-0.481282740305184,-0.338135321112772,2.38792015310889,-0.339947250056395,0.44174413721421,-0.339947260637481,-0.339947260637481,-0.339947260637481,0.97358110773281,-0.339947260637481,-0.0731714196936957,-0.257219946350072,-0.339947260637481,-0.339947260637481,-1.34989827784222,-0.336675511190638,0.893786657515704,-0.339946267257035
